date,letter_nm,limit_id,id1,id2,limit_class,limit_group,limit_type,limit_desc,meas_unit,aggr_func_cd,rating_floor,rating_ceiling,unofficial_flag,exposure_amt,Original_limit,effective_limit,utilization,grid_cc_id,grid_cell_id,curr_id,curr,sec_id,sec_desc,issuer_id,issuer_nm,ind_class_id,industry,region_id,region_cd,wl_instance_id,state,extension,st_dt,end_dt,limit_concatenate,pref_name,LM_Column1,LM_Column2,LM_Column3,LM_Column4
2024-10-09,Oil Products NGL Trading,300001,300001,300001-PRIMARY,Reporting,Outer RAL,PV01 Delta,CRUDE_OIL_PV01_EU,USD,NET,A,BB,0,4438902,4500000,4500000,0.99,101,1,TMSH,TMSH,USD,CRUDE_OIL_PV01_EU,39058287,Energy Oil FCL,470,Energy,5,AMERICAS,604001,Active,0,2024-10-09,2025-03-31,300001-NGL-PV01,Oil Prod Limit,10,0.4,1,Man
2024-10-09,US Delta One,300002,300002,300002-SECONDARY,Primary,RR & Gamma,Gamma Vega,RR & Gamma,USD,GROSS,BB,BBB,0,7821034,8000000,8000000,0.98,102,2,USD,USD,USD,Equity Delta One,254710,US Delta One,551,Financials,5,AMERICAS,604002,Pending Upload,0,2024-10-09,2025-03-31,300002-EQ-GAMMA,US D1 Limit,10.2,0.5,1,Man
2024-10-09,European Prime Finance,300003,300003,300003-PRIMARY,Notice,Asset,Gross Delta,ASSET_DELTA,EUR,SINGLE NAME,A+,A+,0,1488732,1500000,1500000,0.99,103,3,TMSH,TMSH,EUR,EU Prime Asset,290112,EU Prime Brokerage,551,Financials,3,EMEA,604003,Active,1,2024-10-09,2025-04-30,300003-EUR-ASSET,EU Prime Limit,9.8,0.3,1,Man
2024-10-09,London BMO CMI,300004,300004,300004-SECONDARY,ex-PRIM,Stress Limits,PV01 Stress limits,PV01_STRESS_EUR,EUR,NET,BBB,BB,0,891234,900000,900000,0.99,104,4,TMSH,TMSH,EUR,LDN CMI PV01,290113,BMO CMI LDN,551,Financials,3,EMEA,604004,Active,0,2024-10-09,2025-01-31,300004-EUR-STRESS,LDN CMI Limit,10.1,0.6,1,Man
2024-10-10,Asia Money Markets,300005,300005,300005-PRIMARY,Reporting,Liquidity,Liquidity Limits,LIQUIDITY_ASIA,JPY,GROSS,AAA,A,0,1150000000,1200000000,1200000000,0.96,105,5,TMSH,TMSH,JPY,Asia MM Liq,295001,Asia MM Funding,221,Money Markets,1,ASIA,604005,Active,0,2024-10-10,2025-05-31,300005-JPY-LIQ,Asia MM Limit,10,0.5,1,Man
2024-10-10,Canadian Prime Brokerage and Margin Lending,300006,300006,300006-PRIMARY,Primary,Notional,Exotic Limits,NOTIONAL_EXOTIC,CAD,GRID,A,A,1,7234567,7500000,7500000,0.96,106,6,TMSH,TMSH,CAD,Exotic Notional,295002,Can PB,551,Financials,2,CANADA,604006,Active,1,2024-10-10,2025-10-31,300006-CAD-NOT,Can PB Limit,10.3,0.7,1,Man
2024-10-10,Environmental Commodities Trading,300007,300007,300007-SECONDARY,ex-ZNDRY,PV01,PV01 Delta,EMISSIONS_PV01,MT,NET SHORT BY SEC,BBB,BB,0,2480,2500,2500,0.99,107,7,USD,USD,MT,Emissions PV01,295003,Enviro Comm,483,Environmental,5,AMERICAS,604007,Pending Upload,0,2024-10-10,2025-03-31,300007-MT-PV01,Enviro Limit,9.9,0.4,1,Man
2024-10-10,FX HK Trading,300008,300008,300008-PRIMARY,Primary,Issuer,CVaR / Limits,CVAR_ISSUER,EUR,BY TRADE,BB,BB,0,4901234,5000000,5000000,0.98,108,8,USD,USD,EUR,FX Trading CVAR,295004,FX HK Trading,551,Financials,1,ASIA,604008,Active,0,2024-10-10,2025-06-30,300008-EUR-CVAR,FX HK Limit,10,0.5,1,Man
2024-10-11,GM Opportunity Trading,300009,300009,300009-PRIMARY,Reporting,Stress Limits,PV01 Stress limits,PV01_STRESS_CAD,CAD,NET,AAA,A,0,2450000,2500000,2500000,0.98,109,9,USD,USD,CAD,GM Opp Stress,300009,GM Opp Trading,551,Financials,2,CANADA,604009,Active,1,2024-10-11,2025-05-31,300009-CAD-STRESS,GM Opp Limit,10,0.5,1,Man
2024-10-11,Asia Funding,300010,300010,300010-SECONDARY,Primary,Liquidity,Liquidity Limits,LIQUIDITY_HK,JPY,GROSS,A,BBB,0,980000000,1000000000,1000000000,0.98,110,10,TMSH,TMSH,JPY,Asia Fund Liq,300010,Asia Funding Desk,221,Money Markets,1,ASIA,604010,Active,0,2024-10-11,2025-04-30,300010-JPY-LIQ,Asia Fund Limit,9.9,0.4,1,Man
2024-10-11,Decommissioned – Risk & Capital Solutions,300011,300011,300011-PRIMARY,ex-PRIM,Notional,Exotic Limits,NOTIONAL_EXOTIC_USD,USD,GRID,BB,A+,1,4800000,5000000,5000000,0.96,111,11,USD,USD,USD,Decomm Exotic,300011,Decomm Risk,551,Financials,5,AMERICAS,604011,Active,1,2024-10-11,2025-02-28,300011-USD-NOT,Decomm Limit,10.2,0.6,1,Man
2024-10-11,Canadian Prime Finance,300012,300012,300012-SECONDARY,Primary,Asset,Gross Delta,ASSET_DELTA_CAD,CAD,NET SHORT BY SEC,BBB,A,0,3200000,3500000,3500000,0.91,112,12,TMSH,TMSH,CAD,Can PF Asset,300012,Can PF,551,Financials,2,CANADA,604012,Pending Upload,0,2024-10-11,2025-03-31,300012-CAD-ASSET,Can PF Limit,10.1,0.5,1,Man
2024-10-12,Global Unsecured Funding,300013,300013,300013-PRIMARY,Reporting,Issuer,CVaR / Limits,CVAR_ISSUER_USD,USD,BY TRADE,A,AAA,0,6000000,6000000,6000000,1,113,13,USD,USD,USD,Global Unsec CVAR,300013,Global Funding,221,Money Markets,3,EMEA,604013,Active,0,2024-10-12,2025-04-30,300013-USD-CVAR,Global Fund Limit,10,0.4,1,Man
2024-10-12,Decommissioned – Environmental Commodities Management,300014,300014,300014-PRIMARY,Notice,PV01,PV01 Delta,EMISSIONS_PV01_CAD,CAD,NET,BB,BBB,0,280000,300000,300000,0.93,114,14,TMSH,TMSH,CAD,Decomm Enviro PV01,300014,Decomm Enviro,483,Environmental,2,CANADA,604014,Active,1,2024-10-12,2025-01-31,300014-CAD-PV01,Decomm Enviro Limit,9.9,0.3,1,Man
2024-10-12,Equity Capital Markets – Hedging,300015,300015,300015-SECONDARY,Primary,RR & Gamma,Gamma Vega,ECM_HEDGING_GAMMA,USD,GROSS,A+,A+,0,4200000,4500000,4500000,0.93,115,15,USD,USD,USD,ECM Hedge Gamma,300015,ECM Hedging,551,Financials,5,AMERICAS,604015,Pending Upload,0,2024-10-12,2025-05-31,300015-USD-GAMMA,ECM Hedge Limit,10.1,0.6,1,Man
2024-10-12,BMO Global Markets (MM),300016,300016,300016-PRIMARY,ex-PRIM,Liquidity,Liquidity Limits,BMO_MM_LIQUIDITY,USD,GROSS BY SECURITY,AAA,AAA,0,8500000,9000000,9000000,0.94,116,16,TMSH,TMSH,USD,BMO MM Liq,300016,BMO GM MM,221,Money Markets,5,AMERICAS,604016,Active,0,2024-10-12,2025-03-31,300016-USD-LIQ,BMO MM Limit,10,0.5,1,Man
2024-10-13,SMR – Wealth Management,300017,300017,300017-SECONDARY,Reporting,Notional,Exotic Limits,SMR_WM_NOTIONAL,CAD,GRID,BBB,A,1,510000,500000,500000,1.02,117,17,USD,USD,CAD,SMR WM Notional,300017,SMR WM,551,Financials,2,CANADA,604017,Active,1,2024-10-13,2025-06-30,300017-CAD-NOT,SMR WM Limit,10.3,0.7,1,Man
2024-10-13,Canadian Money Markets,300018,300018,300018-PRIMARY,Primary,Asset,Gross Delta,CMM_ASSET_DELTA,CAD,NET,A,BB,0,920000,1000000,1000000,0.92,118,18,TMSH,TMSH,CAD,CMM Asset,300018,Can MM,221,Money Markets,2,CANADA,604018,Active,0,2024-10-13,2025-01-31,300018-CAD-ASSET,CMM Limit,9.8,0.3,1,Man
2024-10-13,PCG Retail Equity Trading,300019,300019,300019-PRIMARY,Notice,PV01,PV01 Delta,PCG_RETAIL_PV01,USD,NET SHORT BY SEC,BB,BBB,0,180000,200000,200000,0.9,119,19,USD,USD,USD,PCG Retail PV01,300019,PCG Retail,551,Financials,5,AMERICAS,604019,Pending Upload,0,2024-10-13,2025-05-31,300019-USD-PV01,PCG Retail Limit,10.1,0.6,1,Man
2024-10-13,European Unsecured Funding,300020,300020,300020-SECONDARY,ex-ZNDRY,Issuer,CVaR / Limits,EUF_CVAR_ISSUER,EUR,BY TRADE,AAA,A,0,4500000,4500000,4500000,1,120,20,TMSH,TMSH,EUR,EUF CVAR,300020,EU Funding,221,Money Markets,3,EMEA,604020,Active,0,2024-10-13,2025-04-30,300020-EUR-CVAR,EU Fund Limit,10,0.5,1,Man
2024-10-14,Reporting only – Global Equities (New),300021,300021,300021-PRIMARY,Reporting,Stress Limits,PV01 Stress limits,GE_STRESS_PV01,USD,GROSS BY SECURITY,A+,A+,0,7600000,8000000,8000000,0.95,121,21,USD,USD,USD,Global Eq Stress,300021,Global Equities,551,Financials,5,AMERICAS,604021,Active,1,2024-10-14,2025-03-31,300021-USD-STRESS,Global Eq Limit,10.2,0.6,1,Man
2024-10-14,London BMO CMI,300022,300022,300022-SECONDARY,Primary,Liquidity,Liquidity Limits,LDN_CMI_LIQUIDITY,EUR,NET LONG BY SEC,BBB,A,0,3300000,3500000,3500000,0.94,122,22,TMSH,TMSH,EUR,LDN CMI Liq,300022,BMO CMI LDN,551,Financials,3,EMEA,604022,Active,0,2024-10-14,2025-02-28,300022-EUR-LIQ,LDN CMI Limit,9.9,0.4,1,Man
2024-10-14,Asset Finance & Origination,300023,300023,300023-PRIMARY,Notice,Notional,Exotic Limits,AFA_NOTIONAL_USD,USD,GRID,BB,BBB,1,5800000,6000000,6000000,0.97,123,23,USD,USD,USD,AFA Notional,300023,AFA Origination,551,Financials,5,AMERICAS,604023,Pending Upload,1,2024-10-14,2025-06-30,300023-USD-NOT,AFA Limit,10.3,0.7,1,Man
2024-10-14,SLP BMO,300024,300024,300024-SECONDARY,ex-PRIM,Asset,Gross Delta,SLP_ASSET_DELTA,CAD,NET,A,AAA,0,2100000,2200000,2200000,0.95,124,24,TMSH,TMSH,CAD,SLP Asset,300024,SLP BMO,551,Financials,2,CANADA,604024,Active,0,2024-10-14,2025-04-30,300024-CAD-ASSET,SLP Limit,9.8,0.3,1,Man
2024-10-15,Canadian Options,300025,300025,300025-PRIMARY,Primary,PV01,PV01 Delta,CAN_OPTIONS_PV01,CAD,NET SHORT BY SEC,A+,A,0,850000,900000,900000,0.94,125,25,USD,USD,CAD,Can Opt PV01,300025,Can Options,551,Financials,2,CANADA,604025,Active,0,2024-10-15,2025-05-31,300025-CAD-PV01,Can Opt Limit,10.1,0.5,1,Man
2024-10-15,SET Management,300026,300026,300026-PRIMARY,Reporting,RR & Gamma,Gamma Vega,SET_MGMT_GAMMA,USD,GROSS,BBB,BB,0,1100000,1200000,1200000,0.92,126,26,TMSH,TMSH,USD,SET Mgmt Gamma,300026,SET Mgmt,551,Financials,5,AMERICAS,604026,Pending Upload,0,2024-10-15,2025-03-31,300026-USD-GAMMA,SET Mgmt Limit,10,0.4,1,Man
2024-10-15,Strategy Products and Segments – Retail Lending Products,300027,300027,300027-SECONDARY,Notice,Stress Limits,PV01 Stress limits,RTL_LENDING_STRESS,CAD,NET,A,BBB,0,380000,400000,400000,0.95,127,27,USD,USD,CAD,RTL Lending Stress,300027,RTL Lending,551,Financials,2,CANADA,604027,Active,1,2024-10-15,2025-04-30,300027-CAD-STRESS,RTL Limit,10.2,0.6,1,Man
2024-10-15,US Tactical & Accrual INV,300028,300028,300028-PRIMARY,ex-ZNDRY,Liquidity,Liquidity Limits,US_TACCRU_LIQ,USD,GROSS BY SECURITY,A+,A+,0,2800000,3000000,3000000,0.93,128,28,TMSH,TMSH,USD,US TACCRU Liq,300028,US TACCRU,551,Financials,5,AMERICAS,604028,Active,0,2024-10-15,2025-01-31,300028-USD-LIQ,US TACCRU Limit,9.9,0.3,1,Man
2024-10-16,SLP BMO,300029,300029,300029-PRIMARY,Primary,Notional,Exotic Limits,SLP_NOTIONAL_CAD,CAD,GRID,BB,A,1,1200000,1250000,1250000,0.96,129,29,USD,USD,CAD,SLP Notional,300029,SLP BMO,551,Financials,2,CANADA,604029,Active,1,2024-10-16,2025-06-30,300029-CAD-NOT,SLP Limit,10.3,0.7,1,Man
2024-10-16,Environmental Commodities Trading,300030,300030,300030-SECONDARY,Reporting,Asset,Gross Delta,EMISSIONS_ASSET,MWH,NET,A,BBB,0,580,600,600,0.97,130,30,TMSH,TMSH,MWH,Emissions Asset,300030,Enviro Comm,483,Environmental,5,AMERICAS,604030,Active,0,2024-10-16,2025-05-31,300030-MWH-ASSET,Enviro Limit,9.8,0.3,1,Man
2024-10-16,Securitized Credit Trading,300031,300031,300031-PRIMARY,Notice,PV01,PV01 Delta,SCT_PV01_USD,USD,NET SHORT BY SEC,A+,A+,0,3500000,3500000,3500000,1,131,31,USD,USD,USD,SCT PV01,300031,Sec Credit Trading,551,Financials,5,AMERICAS,604031,Pending Upload,0,2024-10-16,2025-03-31,300031-USD-PV01,SCT Limit,10.1,0.6,1,Man
2024-10-16,China Fixed Income Trading,300032,300032,300032-SECONDARY,ex-PRIM,Issuer,CVaR / Limits,CHINA_FI_CVAR,JPY,BY TRADE,BBB,BB,0,150000000,150000000,150000000,1,132,32,TMSH,TMSH,JPY,China FI CVAR,300032,China FI,221,Money Markets,1,ASIA,604032,Active,0,2024-10-16,2025-04-30,300032-JPY-CVAR,China FI Limit,10,0.5,1,Man
2024-10-17,Chicago Branch Trading,300033,300033,300033-PRIMARY,Primary,Stress Limits,PV01 Stress limits,CHI_BRANCH_STRESS,USD,NET,AAA,A,0,7200000,7500000,7500000,0.96,133,33,USD,USD,USD,Chi Branch Stress,300033,Chi Branch Trading,551,Financials,5,AMERICAS,604033,Active,1,2024-10-17,2025-05-31,300033-USD-STRESS,Chi Branch Limit,10.2,0.6,1,Man
2024-10-17,LCT Repo,300034,300034,300034-PRIMARY,Reporting,Liquidity,Liquidity Limits,LCT_REPO_LIQUIDITY,USD,GROSS BY SECURITY,A,BBB,0,5500000,6000000,6000000,0.92,134,34,TMSH,TMSH,USD,LCT Repo Liq,300034,LCT Repo,221,Money Markets,5,AMERICAS,604034,Active,0,2024-10-17,2025-02-28,300034-USD-LIQ,LCT Repo Limit,9.9,0.4,1,Man
2024-10-17,Decommissioned – Equity Structured Risk Recycling,300035,300035,300035-SECONDARY,Notice,Notional,Exotic Limits,DECOMM_EQ_NOTIONAL,USD,GRID,BB,A+,1,1800000,2000000,2000000,0.9,135,35,USD,USD,USD,Decomm Eq Notional,300035,Decomm Eq Risk,551,Financials,5,AMERICAS,604035,Pending Upload,1,2024-10-17,2025-06-30,300035-USD-NOT,Decomm EQ Limit,10.3,0.7,1,Man
2024-10-17,L / F NB CFO to GM Funding,300036,300036,300036-PRIMARY,ex-ZNDRY,Asset,Gross Delta,CFO_GM_ASSET_USD,USD,NET,A+,A+,0,4500000,5000000,5000000,0.9,136,36,TMSH,TMSH,USD,CFO GM Asset,300036,CFO GM Funding,551,Financials,5,AMERICAS,604036,Active,0,2024-10-17,2025-05-31,300036-USD-ASSET,CFO GM Limit,9.8,0.3,1,Man
2024-10-18,FX HK Trading,300037,300037,300037-PRIMARY,Primary,PV01,PV01 Delta,FX_HK_PV01_EUR,EUR,NET SHORT BY SEC,BBB,BBB,0,780000,800000,800000,0.98,137,37,USD,USD,EUR,FX HK PV01,300037,FX HK Trading,551,Financials,1,ASIA,604037,Active,0,2024-10-18,2025-04-30,300037-EUR-PV01,FX HK Limit,10.1,0.5,1,Man
2024-10-18,London Tactical & Accrual MTM,300038,300038,300038-SECONDARY,Reporting,RR & Gamma,Gamma Vega,LDN_TACCRU_GAMMA,USD,GROSS,A,BB,0,1400000,1500000,1500000,0.93,138,38,TMSH,TMSH,USD,LDN TACCRU Gamma,300038,LDN TACCRU,551,Financials,3,EMEA,604038,Pending Upload,0,2024-10-18,2025-03-31,300038-USD-GAMMA,LDN TACCRU Limit,10,0.4,1,Man
2024-10-18,GM Opportunity Trading,300039,300039,300039-PRIMARY,Notice,Stress Limits,PV01 Stress limits,GM_OPP_STRESS_USD,USD,NET,BB,AAA,0,2900000,3000000,3000000,0.97,139,39,USD,USD,USD,GM Opp Stress,300039,GM Opp Trading,551,Financials,5,AMERICAS,604039,Active,1,2024-10-18,2025-02-28,300039-USD-STRESS,GM Opp Limit,10.2,0.6,1,Man
2024-10-18,Testing – Nesbitt Burns,300040,300040,300040-SECONDARY,ex-PRIM,Liquidity,Liquidity Limits,NESBITT_LIQUIDITY,CAD,GROSS BY SECURITY,BBB,A,0,6500000,7000000,7000000,0.93,140,40,TMSH,TMSH,CAD,Nesbitt Liq,300040,Nesbitt Burns,551,Financials,2,CANADA,604040,Active,0,2024-10-18,2025-06-30,300040-CAD-LIQ,Nesbitt Limit,9.9,0.3,1,Man
2024-10-19,Collateral Optimization,300041,300041,300041-PRIMARY,Primary,Notional,Exotic Limits,COLLAT_OPT_NOTIONAL,USD,GRID,A+,A+,1,9500000,10000000,10000000,0.95,141,41,USD,USD,USD,Collateral Opt Notional,300041,Collateral Opt,551,Financials,5,AMERICAS,604041,Active,1,2024-10-19,2025-05-31,300041-USD-NOT,Collateral Opt Limit,10.3,0.7,1,Man
2024-10-19,Securitized Equity Trading Canada,300042,300042,300042-SECONDARY,Reporting,Asset,Gross Delta,SET_CAN_ASSET_CAD,CAD,NET,A,BBB,0,3800000,4000000,4000000,0.95,142,42,TMSH,TMSH,CAD,SET Can Asset,300042,SET Canada,551,Financials,2,CANADA,604042,Active,0,2024-10-19,2025-03-31,300042-CAD-ASSET,SET Can Limit,9.8,0.3,1,Man
2024-10-19,Global Origination,300043,300043,300043-PRIMARY,Notice,PV01,PV01 Delta,GLOBAL_ORIG_PV01,USD,NET SHORT BY SEC,BB,BB,0,6700000,7000000,7000000,0.96,143,43,USD,USD,USD,Global Orig PV01,300043,Global Origination,551,Financials,5,AMERICAS,604043,Pending Upload,0,2024-10-19,2025-04-30,300043-USD-PV01,Global Orig Limit,10.1,0.6,1,Man
2024-10-19,European Prime Finance,300044,300044,300044-SECONDARY,ex-ZNDRY,Issuer,CVaR / Limits,EU_PF_CVAR_EUR,EUR,BY TRADE,AAA,A,0,850000,900000,900000,0.94,144,44,TMSH,TMSH,EUR,EU PF CVAR,300044,EU Prime Brokerage,551,Financials,3,EMEA,604044,Active,0,2024-10-19,2025-01-31,300044-EUR-CVAR,EU PF Limit,10,0.5,1,Man
2024-10-20,Agency Pass-Through Trading,300045,300045,300045-PRIMARY,Primary,Stress Limits,PV01 Stress limits,APT_STRESS_USD,USD,NET,A+,A+,0,4500000,5000000,5000000,0.9,145,45,USD,USD,USD,APT Stress,300045,APT Trading,551,Financials,5,AMERICAS,604045,Active,1,2024-10-20,2025-06-30,300045-USD-STRESS,APT Limit,10.2,0.6,1,Man
2024-10-20,Canadian Prime Brokerage and Margin Lending,300046,300046,300046-PRIMARY,Reporting,Liquidity,Liquidity Limits,CAN_PB_LIQUIDITY,CAD,GROSS BY SECURITY,BBB,BBB,0,7200000,7500000,7500000,0.96,146,46,TMSH,TMSH,CAD,Can PB Liq,300046,Can PB,551,Financials,2,CANADA,604046,Active,0,2024-10-20,2025-05-31,300046-CAD-LIQ,Can PB Limit,9.9,0.4,1,Man
2024-10-20,Asia Money Markets,300047,300047,300047-SECONDARY,Notice,Notional,Exotic Limits,ASIA_MM_NOTIONAL,JPY,GRID,A,A,1,1500000000,1500000000,1500000000,1,147,47,USD,USD,JPY,Asia MM Notional,300047,Asia MM Funding,221,Money Markets,1,ASIA,604047,Pending Upload,1,2024-10-20,2025-03-31,300047-JPY-NOT,Asia MM Limit,10.3,0.7,1,Man
2024-10-20,International High Grade Credit Trading,300048,300048,300048-PRIMARY,ex-PRIM,Asset,Gross Delta,IHGCT_ASSET_USD,USD,NET,BB,A+,0,8800000,9000000,9000000,0.98,148,48,TMSH,TMSH,USD,IHGCT Asset,300048,IHGCT Trading,551,Financials,3,EMEA,604048,Active,0,2024-10-20,2025-04-30,300048-USD-ASSET,IHGCT Limit,9.8,0.3,1,Man
2024-10-21,Oil Products NGL Trading,300049,300049,300049-PRIMARY,Primary,PV01,PV01 Delta,CRUDE_OIL_PV01_EU,USD,NET SHORT BY SEC,A,BB,0,3200000,3500000,3500000,0.91,149,49,USD,USD,USD,CRUDE_OIL_PV01_EU,39058287,Energy Oil FCL,470,Energy,5,AMERICAS,604049,Active,0,2024-10-21,2025-05-31,300049-NGL-PV01,Oil Prod Limit,10.1,0.5,1,Man
2024-10-21,US Delta One,300050,300050,300050-SECONDARY,Reporting,RR & Gamma,Gamma Vega,RR & Gamma,USD,GROSS,BB,BBB,0,6500000,7000000,7000000,0.93,150,50,TMSH,TMSH,USD,Equity Delta One,254710,US Delta One,551,Financials,5,AMERICAS,604050,Pending Upload,0,2024-10-21,2025-02-28,300050-EQ-GAMMA,US D1 Limit,10,0.4,1,Man
2024-10-21,European Prime Finance,300051,300051,300051-PRIMARY,Notice,Stress Limits,PV01 Stress limits,PV01_STRESS_EUR,EUR,NET,A+,A+,0,1100000,1200000,1200000,0.92,151,51,USD,USD,EUR,EU Prime Stress,290112,EU Prime Brokerage,551,Financials,3,EMEA,604051,Active,1,2024-10-21,2025-06-30,300051-EUR-STRESS,EU Prime Limit,10.2,0.6,1,Man
2024-10-21,London BMO CMI,300052,300052,300052-SECONDARY,ex-ZNDRY,Liquidity,Liquidity Limits,LDN_CMI_LIQUIDITY,EUR,BY TRADE,BBB,BB,0,480000,500000,500000,0.96,152,52,TMSH,TMSH,EUR,LDN CMI Liq,290113,BMO CMI LDN,551,Financials,3,EMEA,604052,Active,0,2024-10-21,2025-05-31,300052-EUR-LIQ,LDN CMI Limit,9.9,0.3,1,Man
2024-10-22,Asia Money Markets,300053,300053,300053-PRIMARY,Primary,Notional,Exotic Limits,ASIA_MM_NOTIONAL,JPY,GRID,AAA,A,1,750000000,800000000,800000000,0.94,153,53,USD,USD,JPY,Asia MM Notional,295001,Asia MM Funding,221,Money Markets,1,ASIA,604053,Active,1,2024-10-22,2025-04-30,300053-JPY-NOT,Asia MM Limit,10.3,0.7,1,Man
2024-10-22,Canadian Prime Brokerage and Margin Lending,300054,300054,300054-PRIMARY,Reporting,Asset,Gross Delta,CAN_PB_ASSET_CAD,CAD,NET,A,A,0,6200000,6500000,6500000,0.95,154,54,TMSH,TMSH,CAD,Can PB Asset,295002,Can PB,551,Financials,2,CANADA,604054,Active,0,2024-10-22,2025-01-31,300054-CAD-ASSET,Can PB Limit,9.8,0.3,1,Man
2024-10-22,Environmental Commodities Trading,300055,300055,300055-SECONDARY,Notice,PV01,PV01 Delta,EMISSIONS_PV01,MT,NET SHORT BY SEC,BBB,BB,0,1900,2000,2000,0.95,155,55,USD,USD,MT,Emissions PV01,295003,Enviro Comm,483,Environmental,5,AMERICAS,604055,Pending Upload,0,2024-10-22,2025-06-30,300055-MT-PV01,Enviro Limit,10.1,0.6,1,Man
2024-10-22,FX HK Trading,300056,300056,300056-PRIMARY,ex-PRIM,Issuer,CVaR / Limits,FX_HK_CVAR_USD,USD,BY TRADE,BB,BB,0,3200000,3500000,3500000,0.91,156,56,TMSH,TMSH,USD,FX Trading CVAR,295004,FX HK Trading,551,Financials,1,ASIA,604056,Active,0,2024-10-22,2025-05-31,300056-USD-CVAR,FX HK Limit,10,0.5,1,Man
2024-10-23,GM Opportunity Trading,300057,300057,300057-PRIMARY,Primary,Stress Limits,PV01 Stress limits,GM_OPP_STRESS_CAD,CAD,NET,A,AAA,0,1400000,1500000,1500000,0.93,157,57,USD,USD,CAD,GM Opp Stress,300009,GM Opp Trading,551,Financials,2,CANADA,604057,Active,1,2024-10-23,2025-03-31,300057-CAD-STRESS,GM Opp Limit,10.2,0.6,1,Man
2024-10-23,Asia Funding,300058,300058,300058-SECONDARY,Reporting,Liquidity,Liquidity Limits,LIQUIDITY_ASIA,JPY,GROSS,A,BBB,0,650000000,700000000,700000000,0.93,158,58,TMSH,TMSH,JPY,Asia Fund Liq,300010,Asia Funding Desk,221,Money Markets,1,ASIA,604058,Active,0,2024-10-23,2025-04-30,300058-JPY-LIQ,Asia Fund Limit,9.9,0.4,1,Man
2024-10-23,Decommissioned – Risk & Capital Solutions,300059,300059,300059-PRIMARY,Notice,Notional,Exotic Limits,DECOMM_RISK_NOTIONAL,USD,GRID,BB,A+,1,2800000,3000000,3000000,0.93,159,59,USD,USD,USD,Decomm Exotic,300011,Decomm Risk,551,Financials,5,AMERICAS,604059,Pending Upload,1,2024-10-23,2025-02-28,300059-USD-NOT,Decomm Limit,10.3,0.7,1,Man
2024-10-23,Canadian Prime Finance,300060,300060,300060-SECONDARY,ex-ZNDRY,Asset,Gross Delta,CAN_PF_ASSET_CAD,CAD,NET SHORT BY SEC,BBB,A,0,4900000,5000000,5000000,0.98,160,60,TMSH,TMSH,CAD,Can PF Asset,300012,Can PF,551,Financials,2,CANADA,604060,Active,0,2024-10-23,2025-05-31,300060-CAD-ASSET,Can PF Limit,9.8,0.3,1,Man
2024-10-24,Global Unsecured Funding,300061,300061,300061-PRIMARY,Primary,Issuer,CVaR / Limits,GUF_CVAR_ISSUER,USD,BY TRADE,A,AAA,0,5500000,6000000,6000000,0.92,161,61,USD,USD,USD,Global Unsec CVAR,300013,Global Funding,221,Money Markets,3,EMEA,604061,Active,0,2024-10-24,2025-06-30,300061-USD-CVAR,Global Fund Limit,10,0.4,1,Man
2024-10-24,Decommissioned – Environmental Commodities Management,300062,300062,300062-PRIMARY,Reporting,PV01,PV01 Delta,DECOMM_ENVIRO_PV01,CAD,NET,BB,BBB,0,150000,150000,150000,1,162,62,TMSH,TMSH,CAD,Decomm Enviro PV01,300014,Decomm Enviro,483,Environmental,2,CANADA,604062,Active,1,2024-10-24,2025-04-30,300062-CAD-PV01,Decomm Enviro Limit,9.9,0.3,1,Man
2024-10-24,Equity Capital Markets – Hedging,300063,300063,300063-SECONDARY,Notice,RR & Gamma,Gamma Vega,ECM_HEDGING_GAMMA,USD,GROSS,A+,A+,0,850000,900000,900000,0.94,163,63,USD,USD,USD,ECM Hedge Gamma,300015,ECM Hedging,551,Financials,5,AMERICAS,604063,Pending Upload,0,2024-10-24,2025-03-31,300063-USD-GAMMA,ECM Hedge Limit,10.1,0.6,1,Man
2024-10-24,BMO Global Markets (MM),300064,300064,300064-PRIMARY,ex-PRIM,Liquidity,Liquidity Limits,BMO_MM_LIQUIDITY,USD,GROSS BY SECURITY,AAA,AAA,0,4200000,4500000,4500000,0.93,164,64,TMSH,TMSH,USD,BMO MM Liq,300016,BMO GM MM,221,Money Markets,5,AMERICAS,604064,Active,0,2024-10-24,2025-02-28,300064-USD-LIQ,BMO MM Limit,10,0.5,1,Man
2024-10-25,SMR – Wealth Management,300065,300065,300065-SECONDARY,Primary,Notional,Exotic Limits,SMR_WM_NOTIONAL,CAD,GRID,BBB,A,1,720000,750000,750000,0.96,165,65,USD,USD,CAD,SMR WM Notional,300017,SMR WM,551,Financials,2,CANADA,604065,Active,1,2024-10-25,2025-05-31,300065-CAD-NOT,SMR WM Limit,10.3,0.7,1,Man
2024-10-25,Canadian Money Markets,300066,300066,300066-PRIMARY,Reporting,Asset,Gross Delta,CMM_ASSET_DELTA,CAD,NET,A,BB,0,880000,900000,900000,0.98,166,66,TMSH,TMSH,CAD,CMM Asset,300018,Can MM,221,Money Markets,2,CANADA,604066,Active,0,2024-10-25,2025-06-30,300066-CAD-ASSET,CMM Limit,9.8,0.3,1,Man
2024-10-25,PCG Retail Equity Trading,300067,300067,300067-PRIMARY,Notice,PV01,PV01 Delta,PCG_RETAIL_PV01,USD,NET SHORT BY SEC,BB,BBB,0,220000,250000,250000,0.88,167,67,USD,USD,USD,PCG Retail PV01,300019,PCG Retail,551,Financials,5,AMERICAS,604067,Pending Upload,0,2024-10-25,2025-04-30,300067-USD-PV01,PCG Retail Limit,10.1,0.6,1,Man
2024-10-25,European Unsecured Funding,300068,300068,300068-SECONDARY,ex-ZNDRY,Issuer,CVaR / Limits,EUF_CVAR_ISSUER,EUR,BY TRADE,AAA,A,0,3800000,4000000,4000000,0.95,168,68,TMSH,TMSH,EUR,EUF CVAR,300020,EU Funding,221,Money Markets,3,EMEA,604068,Active,0,2024-10-25,2025-01-31,300068-EUR-CVAR,EU Fund Limit,10,0.5,1,Man
2024-10-26,Reporting only – Global Equities (New),300069,300069,300069-PRIMARY,Primary,Stress Limits,PV01 Stress limits,GE_STRESS_PV01,USD,NET,A+,A+,0,6200000,6500000,6500000,0.95,169,69,USD,USD,USD,Global Eq Stress,300021,Global Equities,551,Financials,5,AMERICAS,604069,Active,1,2024-10-26,2025-05-31,300069-USD-STRESS,Global Eq Limit,10.2,0.6,1,Man
2024-10-26,London BMO CMI,300070,300070,300070-SECONDARY,Reporting,Liquidity,Liquidity Limits,LDN_CMI_LIQUIDITY,EUR,GROSS BY SECURITY,BBB,A,0,2100000,2200000,2200000,0.95,170,70,TMSH,TMSH,EUR,LDN CMI Liq,300022,BMO CMI LDN,551,Financials,3,EMEA,604070,Active,0,2024-10-26,2025-03-31,300070-EUR-LIQ,LDN CMI Limit,9.9,0.4,1,Man
2024-10-26,Asset Finance & Origination,300071,300071,300071-PRIMARY,Notice,Notional,Exotic Limits,AFA_NOTIONAL_USD,USD,GRID,BB,BBB,1,3400000,3500000,3500000,0.97,171,71,USD,USD,USD,AFA Notional,300023,AFA Origination,551,Financials,5,AMERICAS,604071,Pending Upload,1,2024-10-26,2025-02-28,300071-USD-NOT,AFA Limit,10.3,0.7,1,Man
2024-10-26,SLP BMO,300072,300072,300072-SECONDARY,ex-PRIM,Asset,Gross Delta,SLP_ASSET_DELTA,CAD,NET,A,AAA,0,1800000,1800000,1800000,1,172,72,TMSH,TMSH,CAD,SLP Asset,300024,SLP BMO,551,Financials,2,CANADA,604072,Active,0,2024-10-26,2025-06-30,300072-CAD-ASSET,SLP Limit,9.8,0.3,1,Man
2024-10-27,Canadian Options,300073,300073,300073-PRIMARY,Primary,PV01,PV01 Delta,CAN_OPTIONS_PV01,CAD,NET SHORT BY SEC,A+,A,0,670000,700000,700000,0.96,173,73,USD,USD,CAD,Can Opt PV01,300025,Can Options,551,Financials,2,CANADA,604073,Active,0,2024-10-27,2025-05-31,300073-CAD-PV01,Can Opt Limit,10.1,0.5,1,Man
2024-10-27,SET Management,300074,300074,300074-PRIMARY,Reporting,RR & Gamma,Gamma Vega,SET_MGMT_GAMMA,USD,GROSS,BBB,BB,0,890000,900000,900000,0.99,174,74,TMSH,TMSH,USD,SET Mgmt Gamma,300026,SET Mgmt,551,Financials,5,AMERICAS,604074,Pending Upload,0,2024-10-27,2025-04-30,300074-USD-GAMMA,SET Mgmt Limit,10,0.4,1,Man
2024-10-27,Strategy Products and Segments – Retail Lending Products,300075,300075,300075-SECONDARY,Notice,Stress Limits,PV01 Stress limits,RTL_LENDING_STRESS,CAD,NET,A,BBB,0,510000,550000,550000,0.93,175,75,USD,USD,CAD,RTL Lending Stress,300027,RTL Lending,551,Financials,2,CANADA,604075,Active,1,2024-10-27,2025-01-31,300075-CAD-STRESS,RTL Limit,10.2,0.6,1,Man
2024-10-27,US Tactical & Accrual INV,300076,300076,300076-PRIMARY,ex-ZNDRY,Liquidity,Liquidity Limits,US_TACCRU_LIQ,USD,GROSS BY SECURITY,A+,A+,0,4100000,4500000,4500000,0.91,176,76,TMSH,TMSH,USD,US TACCRU Liq,300028,US TACCRU,551,Financials,5,AMERICAS,604076,Active,0,2024-10-27,2025-03-31,300076-USD-LIQ,US TACCRU Limit,9.9,0.3,1,Man
2024-10-28,SLP BMO,300077,300077,300077-PRIMARY,Primary,Notional,Exotic Limits,SLP_NOTIONAL_CAD,CAD,GRID,BB,A,1,1600000,1600000,1600000,1,177,77,USD,USD,CAD,SLP Notional,300029,SLP BMO,551,Financials,2,CANADA,604077,Active,1,2024-10-28,2025-04-30,300077-CAD-NOT,SLP Limit,10.3,0.7,1,Man
2024-10-28,Environmental Commodities Trading,300078,300078,300078-SECONDARY,Reporting,Asset,Gross Delta,EMISSIONS_ASSET,MWH,NET,A,BBB,0,780,800,800,0.98,178,78,TMSH,TMSH,MWH,Emissions Asset,300030,Enviro Comm,483,Environmental,5,AMERICAS,604078,Active,0,2024-10-28,2025-06-30,300078-MWH-ASSET,Enviro Limit,9.8,0.3,1,Man
2024-10-28,Securitized Credit Trading,300079,300079,300079-PRIMARY,Notice,PV01,PV01 Delta,SCT_PV01_USD,USD,NET SHORT BY SEC,A+,A+,0,4500000,4500000,4500000,1,179,79,USD,USD,USD,SCT PV01,300031,Sec Credit Trading,551,Financials,5,AMERICAS,604079,Pending Upload,0,2024-10-28,2025-05-31,300079-USD-PV01,SCT Limit,10.1,0.6,1,Man
2024-10-28,China Fixed Income Trading,300080,300080,300080-SECONDARY,ex-PRIM,Issuer,CVaR / Limits,CHINA_FI_CVAR,JPY,BY TRADE,BBB,BB,0,95000000,100000000,100000000,0.95,180,80,TMSH,TMSH,JPY,China FI CVAR,300032,China FI,221,Money Markets,1,ASIA,604080,Active,0,2024-10-28,2025-04-30,300080-JPY-CVAR,China FI Limit,10,0.5,1,Man
2024-10-29,Chicago Branch Trading,300081,300081,300081-PRIMARY,Primary,Stress Limits,PV01 Stress limits,CHI_BRANCH_STRESS,USD,NET,AAA,A,0,8500000,9000000,9000000,0.94,181,81,USD,USD,USD,Chi Branch Stress,300033,Chi Branch Trading,551,Financials,5,AMERICAS,604081,Active,1,2024-10-29,2025-03-31,300081-USD-STRESS,Chi Branch Limit,10.2,0.6,1,Man
2024-10-29,LCT Repo,300082,300082,300082-PRIMARY,Reporting,Liquidity,Liquidity Limits,LCT_REPO_LIQUIDITY,USD,GROSS BY SECURITY,A,BBB,0,3200000,3500000,3500000,0.91,182,82,TMSH,TMSH,USD,LCT Repo Liq,300034,LCT Repo,221,Money Markets,5,AMERICAS,604082,Active,0,2024-10-29,2025-02-28,300082-USD-LIQ,LCT Repo Limit,9.9,0.4,1,Man
2024-10-29,Decommissioned – Equity Structured Risk Recycling,300083,300083,300083-SECONDARY,Notice,Notional,Exotic Limits,DECOMM_EQ_NOTIONAL,USD,GRID,BB,A+,1,2500000,2500000,2500000,1,183,83,USD,USD,USD,Decomm Eq Notional,300035,Decomm Eq Risk,551,Financials,5,AMERICAS,604083,Pending Upload,1,2024-10-29,2025-06-30,300083-USD-NOT,Decomm EQ Limit,10.3,0.7,1,Man
2024-10-29,L / F NB CFO to GM Funding,300084,300084,300084-PRIMARY,ex-ZNDRY,Asset,Gross Delta,CFO_GM_ASSET_USD,USD,NET,A+,A+,0,4000000,4000000,4000000,1,184,84,TMSH,TMSH,USD,CFO GM Asset,300036,CFO GM Funding,551,Financials,5,AMERICAS,604084,Active,0,2024-10-29,2025-05-31,300084-USD-ASSET,CFO GM Limit,9.8,0.3,1,Man
2024-10-30,FX HK Trading,300085,300085,300085-PRIMARY,Primary,PV01,PV01 Delta,FX_HK_PV01_EUR,EUR,NET SHORT BY SEC,BBB,BBB,0,920000,950000,950000,0.97,185,85,USD,USD,EUR,FX HK PV01,300037,FX HK Trading,551,Financials,1,ASIA,604085,Active,0,2024-10-30,2025-04-30,300085-EUR-PV01,FX HK Limit,10.1,0.5,1,Man
2024-10-30,London Tactical & Accrual MTM,300086,300086,300086-SECONDARY,Reporting,RR & Gamma,Gamma Vega,LDN_TACCRU_GAMMA,USD,GROSS,A,BB,0,1600000,1700000,1700000,0.94,186,86,TMSH,TMSH,USD,LDN TACCRU Gamma,300038,LDN TACCRU,551,Financials,3,EMEA,604086,Pending Upload,0,2024-10-30,2025-03-31,300086-USD-GAMMA,LDN TACCRU Limit,10,0.4,1,Man
2024-10-30,GM Opportunity Trading,300087,300087,300087-PRIMARY,Notice,Stress Limits,PV01 Stress limits,GM_OPP_STRESS_USD,USD,NET,BB,AAA,0,4500000,5000000,5000000,0.9,187,87,USD,USD,USD,GM Opp Stress,300039,GM Opp Trading,551,Financials,5,AMERICAS,604087,Active,1,2024-10-30,2025-02-28,300087-USD-STRESS,GM Opp Limit,10.2,0.6,1,Man
2024-10-30,Testing – Nesbitt Burns,300088,300088,300088-SECONDARY,ex-PRIM,Liquidity,Liquidity Limits,NESBITT_LIQUIDITY,CAD,GROSS BY SECURITY,BBB,A,0,8500000,9000000,9000000,0.94,188,88,TMSH,TMSH,CAD,Nesbitt Liq,300040,Nesbitt Burns,551,Financials,2,CANADA,604088,Active,0,2024-10-30,2025-06-30,300088-CAD-LIQ,Nesbitt Limit,9.9,0.3,1,Man
2024-10-31,Collateral Optimization,300089,300089,300089-PRIMARY,Primary,Notional,Exotic Limits,COLLAT_OPT_NOTIONAL,USD,GRID,A+,A+,1,12000000,12000000,12000000,1,189,89,USD,USD,USD,Collateral Opt Notional,300041,Collateral Opt,551,Financials,5,AMERICAS,604089,Active,1,2024-10-31,2025-05-31,300089-USD-NOT,Collateral Opt Limit,10.3,0.7,1,Man
2024-10-31,Securitized Equity Trading Canada,300090,300090,300090-SECONDARY,Reporting,Asset,Gross Delta,SET_CAN_ASSET_CAD,CAD,NET,A,BBB,0,5100000,5500000,5500000,0.93,190,90,TMSH,TMSH,CAD,SET Can Asset,300042,SET Canada,551,Financials,2,CANADA,604090,Active,0,2024-10-31,2025-03-31,300090-CAD-ASSET,SET Can Limit,9.8,0.3,1,Man
2024-10-31,Global Origination,300091,300091,300091-PRIMARY,Notice,PV01,PV01 Delta,GLOBAL_ORIG_PV01,USD,NET SHORT BY SEC,BB,BB,0,7800000,8000000,8000000,0.98,191,91,USD,USD,USD,Global Orig PV01,300043,Global Origination,551,Financials,5,AMERICAS,604091,Pending Upload,0,2024-10-31,2025-04-30,300091-USD-PV01,Global Orig Limit,10.1,0.6,1,Man
2024-10-31,European Prime Finance,300092,300092,300092-SECONDARY,ex-ZNDRY,Issuer,CVaR / Limits,EU_PF_CVAR_EUR,EUR,BY TRADE,AAA,A,0,650000,700000,700000,0.93,192,92,TMSH,TMSH,EUR,EU PF CVAR,300044,EU Prime Brokerage,551,Financials,3,EMEA,604092,Active,0,2024-10-31,2025-01-31,300092-EUR-CVAR,EU PF Limit,10,0.5,1,Man
2024-11-01,Agency Pass-Through Trading,300093,300093,300093-PRIMARY,Primary,Stress Limits,PV01 Stress limits,APT_STRESS_USD,USD,NET,A+,A+,0,6200000,6500000,6500000,0.95,193,93,USD,USD,USD,APT Stress,300045,APT Trading,551,Financials,5,AMERICAS,604093,Active,1,2024-11-01,2025-06-30,300093-USD-STRESS,APT Limit,10.2,0.6,1,Man
2024-11-01,Canadian Prime Brokerage and Margin Lending,300094,300094,300094-PRIMARY,Reporting,Liquidity,Liquidity Limits,CAN_PB_LIQUIDITY,CAD,GROSS BY SECURITY,BBB,BBB,0,9200000,9500000,9500000,0.97,194,94,TMSH,TMSH,CAD,Can PB Liq,300046,Can PB,551,Financials,2,CANADA,604094,Active,0,2024-11-01,2025-05-31,300094-CAD-LIQ,Can PB Limit,9.9,0.4,1,Man
2024-11-01,Asia Money Markets,300095,300095,300095-SECONDARY,Notice,Notional,Exotic Limits,ASIA_MM_NOTIONAL,JPY,GRID,A,A,1,1800000000,2000000000,2000000000,0.9,195,95,USD,USD,JPY,Asia MM Notional,300047,Asia MM Funding,221,Money Markets,1,ASIA,604095,Pending Upload,1,2024-11-01,2025-03-31,300095-JPY-NOT,Asia MM Limit,10.3,0.7,1,Man
2024-11-01,International High Grade Credit Trading,300096,300096,300096-PRIMARY,ex-PRIM,Asset,Gross Delta,IHGCT_ASSET_USD,USD,NET,BB,A+,0,5500000,6000000,6000000,0.92,196,96,TMSH,TMSH,USD,IHGCT Asset,300048,IHGCT Trading,551,Financials,3,EMEA,604096,Active,0,2024-11-01,2025-04-30,300096-USD-ASSET,IHGCT Limit,9.8,0.3,1,Man
2024-11-02,Oil Products NGL Trading,300097,300097,300097-PRIMARY,Primary,PV01,PV01 Delta,CRUDE_OIL_PV01_EU,USD,NET SHORT BY SEC,A,BB,0,4800000,5000000,5000000,0.96,197,97,USD,USD,USD,CRUDE_OIL_PV01_EU,39058287,Energy Oil FCL,470,Energy,5,AMERICAS,604097,Active,0,2024-11-02,2025-05-31,300097-NGL-PV01,Oil Prod Limit,10.1,0.5,1,Man
2024-11-02,US Delta One,300098,300098,300098-SECONDARY,Reporting,RR & Gamma,Gamma Vega,RR & Gamma,USD,GROSS,BB,BBB,0,7200000,7500000,7500000,0.96,198,98,TMSH,TMSH,USD,Equity Delta One,254710,US Delta One,551,Financials,5,AMERICAS,604098,Pending Upload,0,2024-11-02,2025-02-28,300098-EQ-GAMMA,US D1 Limit,10,0.4,1,Man
2024-11-02,European Prime Finance,300099,300099,300099-PRIMARY,Notice,Stress Limits,PV01 Stress limits,PV01_STRESS_EUR,EUR,NET,A+,A+,0,1400000,1500000,1500000,0.93,199,99,USD,USD,EUR,EU Prime Stress,290112,EU Prime Brokerage,551,Financials,3,EMEA,604099,Active,1,2024-11-02,2025-06-30,300099-EUR-STRESS,EU Prime Limit,10.2,0.6,1,Man
2024-11-02,London BMO CMI,300100,300100,300100-SECONDARY,ex-ZNDRY,Liquidity,Liquidity Limits,LDN_CMI_LIQUIDITY,EUR,BY TRADE,BBB,BB,0,620000,650000,650000,0.95,200,100,TMSH,TMSH,EUR,LDN CMI Liq,290113,BMO CMI LDN,551,Financials,3,EMEA,604100,Active,0,2024-11-02,2025-05-31,300100-EUR-LIQ,LDN CMI Limit,9.9,0.3,1,Man
2024-11-03,Asia Money Markets,300101,300101,300101-PRIMARY,Primary,Notional,Exotic Limits,ASIA_MM_NOTIONAL,JPY,GRID,AAA,A,1,1100000000,1200000000,1200000000,0.92,201,101,USD,USD,JPY,Asia MM Notional,295001,Asia MM Funding,221,Money Markets,1,ASIA,604101,Active,1,2024-11-03,2025-04-30,300101-JPY-NOT,Asia MM Limit,10.3,0.7,1,Man
2024-11-03,Canadian Prime Brokerage and Margin Lending,300102,300102,300102-PRIMARY,Reporting,Asset,Gross Delta,CAN_PB_ASSET_CAD,CAD,NET,A,A,0,7800000,8000000,8000000,0.98,202,102,TMSH,TMSH,CAD,Can PB Asset,295002,Can PB,551,Financials,2,CANADA,604102,Active,0,2024-11-03,2025-01-31,300102-CAD-ASSET,Can PB Limit,9.8,0.3,1,Man
2024-11-03,Environmental Commodities Trading,300103,300103,300103-SECONDARY,Notice,PV01,PV01 Delta,EMISSIONS_PV01,MT,NET SHORT BY SEC,BBB,BB,0,2200,2500,2500,0.88,203,103,USD,USD,MT,Emissions PV01,295003,Enviro Comm,483,Environmental,5,AMERICAS,604103,Pending Upload,0,2024-11-03,2025-06-30,300103-MT-PV01,Enviro Limit,10.1,0.6,1,Man
2024-11-03,FX HK Trading,300104,300104,300104-PRIMARY,ex-PRIM,Issuer,CVaR / Limits,FX_HK_CVAR_USD,USD,BY TRADE,BB,BB,0,4800000,5000000,5000000,0.96,204,104,TMSH,TMSH,USD,FX Trading CVAR,295004,FX HK Trading,551,Financials,1,ASIA,604104,Active,0,2024-11-03,2025-05-31,300104-USD-CVAR,FX HK Limit,10,0.5,1,Man
2024-11-04,GM Opportunity Trading,300105,300105,300105-PRIMARY,Primary,Stress Limits,PV01 Stress limits,GM_OPP_STRESS_CAD,CAD,NET,A,AAA,0,1800000,2000000,2000000,0.9,205,105,USD,USD,CAD,GM Opp Stress,300009,GM Opp Trading,551,Financials,2,CANADA,604105,Active,1,2024-11-04,2025-03-31,300105-CAD-STRESS,GM Opp Limit,10.2,0.6,1,Man
2024-11-04,Asia Funding,300106,300106,300106-SECONDARY,Reporting,Liquidity,Liquidity Limits,LIQUIDITY_ASIA,JPY,GROSS,A,BBB,0,850000000,900000000,900000000,0.94,206,106,TMSH,TMSH,JPY,Asia Fund Liq,300010,Asia Funding Desk,221,Money Markets,1,ASIA,604106,Active,0,2024-11-04,2025-04-30,300106-JPY-LIQ,Asia Fund Limit,9.9,0.4,1,Man
2024-11-04,Decommissioned – Risk & Capital Solutions,300107,300107,300107-PRIMARY,Notice,Notional,Exotic Limits,DECOMM_RISK_NOTIONAL,USD,GRID,BB,A+,1,3500000,3500000,3500000,1,207,107,USD,USD,USD,Decomm Exotic,300011,Decomm Risk,551,Financials,5,AMERICAS,604107,Pending Upload,1,2024-11-04,2025-02-28,300107-USD-NOT,Decomm Limit,10.3,0.7,1,Man
2024-11-04,Canadian Prime Finance,300108,300108,300108-SECONDARY,ex-ZNDRY,Asset,Gross Delta,CAN_PF_ASSET_CAD,CAD,NET SHORT BY SEC,BBB,A,0,5500000,5500000,5500000,1,208,108,TMSH,TMSH,CAD,Can PF Asset,300012,Can PF,551,Financials,2,CANADA,604108,Active,0,2024-11-04,2025-05-31,300108-CAD-ASSET,Can PF Limit,9.8,0.3,1,Man
2024-11-05,Global Unsecured Funding,300109,300109,300109-PRIMARY,Primary,Issuer,CVaR / Limits,GUF_CVAR_ISSUER,USD,BY TRADE,A,AAA,0,6800000,7000000,7000000,0.97,209,109,USD,USD,USD,Global Unsec CVAR,300013,Global Funding,221,Money Markets,3,EMEA,604109,Active,0,2024-11-05,2025-06-30,300109-USD-CVAR,Global Fund Limit,10,0.4,1,Man
2024-11-05,Decommissioned – Environmental Commodities Management,300110,300110,300110-PRIMARY,Reporting,PV01,PV01 Delta,DECOMM_ENVIRO_PV01,CAD,NET,BB,BBB,0,280000,300000,300000,0.93,210,110,TMSH,TMSH,CAD,Decomm Enviro PV01,300014,Decomm Enviro,483,Environmental,2,CANADA,604110,Active,1,2024-11-05,2025-04-30,300110-CAD-PV01,Decomm Enviro Limit,9.9,0.3,1,Man
2024-11-05,Equity Capital Markets – Hedging,300111,300111,300111-SECONDARY,Notice,RR & Gamma,Gamma Vega,ECM_HEDGING_GAMMA,USD,GROSS,A+,A+,0,780000,800000,800000,0.98,211,111,USD,USD,USD,ECM Hedge Gamma,300015,ECM Hedging,551,Financials,5,AMERICAS,604111,Pending Upload,0,2024-11-05,2025-03-31,300111-USD-GAMMA,ECM Hedge Limit,10.1,0.6,1,Man
2024-11-05,BMO Global Markets (MM),300112,300112,300112-PRIMARY,ex-PRIM,Liquidity,Liquidity Limits,BMO_MM_LIQUIDITY,USD,GROSS BY SECURITY,AAA,AAA,0,5500000,6000000,6000000,0.92,212,112,TMSH,TMSH,USD,BMO MM Liq,300016,BMO GM MM,221,Money Markets,5,AMERICAS,604112,Active,0,2024-11-05,2025-02-28,300112-USD-LIQ,BMO MM Limit,10,0.5,1,Man
2024-11-06,SMR – Wealth Management,300113,300113,300113-SECONDARY,Primary,Notional,Exotic Limits,SMR_WM_NOTIONAL,CAD,GRID,BBB,A,1,850000,850000,850000,1,213,113,USD,USD,CAD,SMR WM Notional,300017,SMR WM,551,Financials,2,CANADA,604113,Active,1,2024-11-06,2025-05-31,300113-CAD-NOT,SMR WM Limit,10.3,0.7,1,Man
2024-11-06,Canadian Money Markets,300114,300114,300114-PRIMARY,Reporting,Asset,Gross Delta,CMM_ASSET_DELTA,CAD,NET,A,BB,0,1100000,1200000,1200000,0.92,214,114,TMSH,TMSH,CAD,CMM Asset,300018,Can MM,221,Money Markets,2,CANADA,604114,Active,0,2024-11-06,2025-06-30,300114-CAD-ASSET,CMM Limit,9.8,0.3,1,Man
2024-11-06,PCG Retail Equity Trading,300115,300115,300115-PRIMARY,Notice,PV01,PV01 Delta,PCG_RETAIL_PV01,USD,NET SHORT BY SEC,BB,BBB,0,380000,400000,400000,0.95,215,115,USD,USD,USD,PCG Retail PV01,300019,PCG Retail,551,Financials,5,AMERICAS,604115,Pending Upload,0,2024-11-06,2025-04-30,300115-USD-PV01,PCG Retail Limit,10.1,0.6,1,Man
2024-11-06,European Unsecured Funding,300116,300116,300116-SECONDARY,ex-ZNDRY,Issuer,CVaR / Limits,EUF_CVAR_ISSUER,EUR,BY TRADE,AAA,A,0,4500000,5000000,5000000,0.9,216,116,TMSH,TMSH,EUR,EUF CVAR,300020,EU Funding,221,Money Markets,3,EMEA,604116,Active,0,2024-11-06,2025-01-31,300116-EUR-CVAR,EU Fund Limit,10,0.5,1,Man
2024-11-07,Reporting only – Global Equities (New),300117,300117,300117-PRIMARY,Primary,Stress Limits,PV01 Stress limits,GE_STRESS_PV01,USD,NET,A+,A+,0,7500000,7500000,7500000,1,217,117,USD,USD,USD,Global Eq Stress,300021,Global Equities,551,Financials,5,AMERICAS,604117,Active,1,2024-11-07,2025-05-31,300117-USD-STRESS,Global Eq Limit,10.2,0.6,1,Man
2024-11-07,London BMO CMI,300118,300118,300118-SECONDARY,Reporting,Liquidity,Liquidity Limits,LDN_CMI_LIQUIDITY,EUR,GROSS BY SECURITY,BBB,A,0,3500000,4000000,4000000,0.88,218,118,TMSH,TMSH,EUR,LDN CMI Liq,300022,BMO CMI LDN,551,Financials,3,EMEA,604118,Active,0,2024-11-07,2025-03-31,300118-EUR-LIQ,LDN CMI Limit,9.9,0.4,1,Man
2024-11-07,Asset Finance & Origination,300119,300119,300119-PRIMARY,Notice,Notional,Exotic Limits,AFA_NOTIONAL_USD,USD,GRID,BB,BBB,1,4500000,5000000,5000000,0.9,219,119,USD,USD,USD,AFA Notional,300023,AFA Origination,551,Financials,5,AMERICAS,604119,Pending Upload,1,2024-11-07,2025-02-28,300119-USD-NOT,AFA Limit,10.3,0.7,1,Man
2024-11-07,SLP BMO,300120,300120,300120-SECONDARY,ex-PRIM,Asset,Gross Delta,SLP_ASSET_DELTA,CAD,NET,A,AAA,0,2500000,2500000,2500000,1,220,120,TMSH,TMSH,CAD,SLP Asset,300024,SLP BMO,551,Financials,2,CANADA,604120,Active,0,2024-11-07,2025-06-30,300120-CAD-ASSET,SLP Limit,9.8,0.3,1,Man
2024-11-08,Canadian Options,300121,300121,300121-PRIMARY,Primary,PV01,PV01 Delta,CAN_OPTIONS_PV01,CAD,NET SHORT BY SEC,A+,A,0,780000,800000,800000,0.98,221,121,USD,USD,CAD,Can Opt PV01,300025,Can Options,551,Financials,2,CANADA,604121,Active,0,2024-11-08,2025-05-31,300121-CAD-PV01,Can Opt Limit,10.1,0.5,1,Man
2024-11-08,SET Management,300122,300122,300122-PRIMARY,Reporting,RR & Gamma,Gamma Vega,SET_MGMT_GAMMA,USD,GROSS,BBB,BB,0,950000,1000000,1000000,0.95,222,122,TMSH,TMSH,USD,SET Mgmt Gamma,300026,SET Mgmt,551,Financials,5,AMERICAS,604122,Pending Upload,0,2024-11-08,2025-04-30,300122-USD-GAMMA,SET Mgmt Limit,10,0.4,1,Man
2024-11-08,Strategy Products and Segments – Retail Lending Products,300123,300123,300123-SECONDARY,Notice,Stress Limits,PV01 Stress limits,RTL_LENDING_STRESS,CAD,NET,A,BBB,0,620000,650000,650000,0.95,223,123,USD,USD,CAD,RTL Lending Stress,300027,RTL Lending,551,Financials,2,CANADA,604123,Active,1,2024-11-08,2025-01-31,300123-CAD-STRESS,RTL Limit,10.2,0.6,1,Man
2024-11-08,US Tactical & Accrual INV,300124,300124,300124-PRIMARY,ex-ZNDRY,Liquidity,Liquidity Limits,US_TACCRU_LIQ,USD,GROSS BY SECURITY,A+,A+,0,5500000,6000000,6000000,0.92,224,124,TMSH,TMSH,USD,US TACCRU Liq,300028,US TACCRU,551,Financials,5,AMERICAS,604124,Active,0,2024-11-08,2025-03-31,300124-USD-LIQ,US TACCRU Limit,9.9,0.3,1,Man
2024-11-08,SLP BMO,300125,300125,300125-PRIMARY,Primary,Notional,Exotic Limits,SLP_NOTIONAL_CAD,CAD,GRID,BB,A,1,1800000,2000000,2000000,0.9,225,125,USD,USD,CAD,SLP Notional,300029,SLP BMO,551,Financials,2,CANADA,604125,Active,1,2024-11-08,2025-04-30,300125-CAD-NOT,SLP Limit,10.3,0.7,1,Man
2024-11-08,Environmental Commodities Trading,300126,300126,300126-SECONDARY,Reporting,Asset,Gross Delta,EMISSIONS_ASSET,MWH,NET,A,BBB,0,950,1000,1000,0.95,226,126,TMSH,TMSH,MWH,Emissions Asset,300030,Enviro Comm,483,Environmental,5,AMERICAS,604126,Active,0,2024-11-08,2025-06-30,300126-MWH-ASSET,Enviro Limit,9.8,0.3,1,Man
2024-11-08,Securitized Credit Trading,300127,300127,300127-PRIMARY,Notice,PV01,PV01 Delta,SCT_PV01_USD,USD,NET SHORT BY SEC,A+,A+,0,5500000,6000000,6000000,0.92,227,127,USD,USD,USD,SCT PV01,300031,Sec Credit Trading,551,Financials,5,AMERICAS,604127,Pending Upload,0,2024-11-08,2025-05-31,300127-USD-PV01,SCT Limit,10.1,0.6,1,Man
2024-11-08,China Fixed Income Trading,300128,300128,300128-SECONDARY,ex-PRIM,Issuer,CVaR / Limits,CHINA_FI_CVAR,JPY,BY TRADE,BBB,BB,0,120000000,120000000,120000000,1,228,128,TMSH,TMSH,JPY,China FI CVAR,300032,China FI,221,Money Markets,1,ASIA,604128,Active,0,2024-11-08,2025-04-30,300128-JPY-CVAR,China FI Limit,10,0.5,1,Man
2024-11-07,Chicago Branch Trading,300129,300129,300129-PRIMARY,Primary,Stress Limits,PV01 Stress limits,CHI_BRANCH_STRESS,USD,NET,AAA,A,0,8000000,8500000,8500000,0.94,229,129,USD,USD,USD,Chi Branch Stress,300033,Chi Branch Trading,551,Financials,5,AMERICAS,604129,Active,1,2024-11-07,2025-03-31,300129-USD-STRESS,Chi Branch Limit,10.2,0.6,1,Man
2024-11-06,LCT Repo,300130,300130,300130-PRIMARY,Reporting,Liquidity,Liquidity Limits,LCT_REPO_LIQUIDITY,USD,GROSS BY SECURITY,A,BBB,0,3800000,4000000,4000000,0.95,230,130,TMSH,TMSH,USD,LCT Repo Liq,300034,LCT Repo,221,Money Markets,5,AMERICAS,604130,Active,0,2024-11-06,2025-02-28,300130-USD-LIQ,LCT Repo Limit,9.9,0.4,1,Man
2024-11-05,Decommissioned – Equity Structured Risk Recycling,300131,300131,300131-SECONDARY,Notice,Notional,Exotic Limits,DECOMM_EQ_NOTIONAL,USD,GRID,BB,A+,1,3100000,3500000,3500000,0.89,231,131,USD,USD,USD,Decomm Eq Notional,300035,Decomm Eq Risk,551,Financials,5,AMERICAS,604131,Pending Upload,1,2024-11-05,2025-06-30,300131-USD-NOT,Decomm EQ Limit,10.3,0.7,1,Man
2024-11-04,L / F NB CFO to GM Funding,300132,300132,300132-PRIMARY,ex-ZNDRY,Asset,Gross Delta,CFO_GM_ASSET_USD,USD,NET,A+,A+,0,4500000,4500000,4500000,1,232,132,TMSH,TMSH,USD,CFO GM Asset,300036,CFO GM Funding,551,Financials,5,AMERICAS,604132,Active,0,2024-11-04,2025-05-31,300132-USD-ASSET,CFO GM Limit,9.8,0.3,1,Man
2024-11-03,FX HK Trading,300133,300133,300133-PRIMARY,Primary,PV01,PV01 Delta,FX_HK_PV01_EUR,EUR,NET SHORT BY SEC,BBB,BBB,0,750000,800000,800000,0.94,233,133,USD,USD,EUR,FX HK PV01,300037,FX HK Trading,551,Financials,1,ASIA,604133,Active,0,2024-11-03,2025-04-30,300133-EUR-PV01,FX HK Limit,10.1,0.5,1,Man
2024-11-02,London Tactical & Accrual MTM,300134,300134,300134-SECONDARY,Reporting,RR & Gamma,Gamma Vega,LDN_TACCRU_GAMMA,USD,GROSS,A,BB,0,1200000,1300000,1300000,0.92,234,134,TMSH,TMSH,USD,LDN TACCRU Gamma,300038,LDN TACCRU,551,Financials,3,EMEA,604134,Pending Upload,0,2024-11-02,2025-03-31,300134-USD-GAMMA,LDN TACCRU Limit,10,0.4,1,Man
2024-11-01,GM Opportunity Trading,300135,300135,300135-PRIMARY,Notice,Stress Limits,PV01 Stress limits,GM_OPP_STRESS_USD,USD,NET,BB,AAA,0,3200000,3500000,3500000,0.91,235,135,USD,USD,USD,GM Opp Stress,300039,GM Opp Trading,551,Financials,5,AMERICAS,604135,Active,1,2024-11-01,2025-02-28,300135-USD-STRESS,GM Opp Limit,10.2,0.6,1,Man
2024-10-31,Testing – Nesbitt Burns,300136,300136,300136-SECONDARY,ex-PRIM,Liquidity,Liquidity Limits,NESBITT_LIQUIDITY,CAD,GROSS BY SECURITY,BBB,A,0,7200000,7500000,7500000,0.96,236,136,TMSH,TMSH,CAD,Nesbitt Liq,300040,Nesbitt Burns,551,Financials,2,CANADA,604136,Active,0,2024-10-31,2025-06-30,300136-CAD-LIQ,Nesbitt Limit,9.9,0.3,1,Man
2024-10-30,Collateral Optimization,300137,300137,300137-PRIMARY,Primary,Notional,Exotic Limits,COLLAT_OPT_NOTIONAL,USD,GRID,A+,A+,1,8500000,9000000,9000000,0.94,237,137,USD,USD,USD,Collateral Opt Notional,300041,Collateral Opt,551,Financials,5,AMERICAS,604137,Active,1,2024-10-30,2025-05-31,300137-USD-NOT,Collateral Opt Limit,10.3,0.7,1,Man
2024-10-29,Securitized Equity Trading Canada,300138,300138,300138-SECONDARY,Reporting,Asset,Gross Delta,SET_CAN_ASSET_CAD,CAD,NET,A,BBB,0,4500000,4500000,4500000,1,238,138,TMSH,TMSH,CAD,SET Can Asset,300042,SET Canada,551,Financials,2,CANADA,604138,Active,0,2024-10-29,2025-03-31,300138-CAD-ASSET,SET Can Limit,9.8,0.3,1,Man
2024-10-28,Global Origination,300139,300139,300139-PRIMARY,Notice,PV01,PV01 Delta,GLOBAL_ORIG_PV01,USD,NET SHORT BY SEC,BB,BB,0,6200000,6500000,6500000,0.95,239,139,USD,USD,USD,Global Orig PV01,300043,Global Origination,551,Financials,5,AMERICAS,604139,Pending Upload,0,2024-10-28,2025-04-30,300139-USD-PV01,Global Orig Limit,10.1,0.6,1,Man
2024-10-27,European Prime Finance,300140,300140,300140-SECONDARY,ex-ZNDRY,Issuer,CVaR / Limits,EU_PF_CVAR_EUR,EUR,BY TRADE,AAA,A,0,950000,1000000,1000000,0.95,240,140,TMSH,TMSH,EUR,EU PF CVAR,300044,EU Prime Brokerage,551,Financials,3,EMEA,604140,Active,0,2024-10-27,2025-01-31,300140-EUR-CVAR,EU PF Limit,10,0.5,1,Man
2024-10-26,Agency Pass-Through Trading,300141,300141,300141-PRIMARY,Primary,Stress Limits,PV01 Stress limits,APT_STRESS_USD,USD,NET,A+,A+,0,4800000,5000000,5000000,0.96,241,141,USD,USD,USD,APT Stress,300045,APT Trading,551,Financials,5,AMERICAS,604141,Active,1,2024-10-26,2025-06-30,300141-USD-STRESS,APT Limit,10.2,0.6,1,Man
2024-10-25,Canadian Prime Brokerage and Margin Lending,300142,300142,300142-PRIMARY,Reporting,Liquidity,Liquidity Limits,CAN_PB_LIQUIDITY,CAD,GROSS BY SECURITY,BBB,BBB,0,8800000,9000000,9000000,0.98,242,142,TMSH,TMSH,CAD,Can PB Liq,300046,Can PB,551,Financials,2,CANADA,604142,Active,0,2024-10-25,2025-05-31,300142-CAD-LIQ,Can PB Limit,9.9,0.4,1,Man
2024-10-24,Asia Money Markets,300143,300143,300143-SECONDARY,Notice,Notional,Exotic Limits,ASIA_MM_NOTIONAL,JPY,GRID,A,A,1,1600000000,1800000000,1800000000,0.89,243,143,USD,USD,JPY,Asia MM Notional,300047,Asia MM Funding,221,Money Markets,1,ASIA,604143,Pending Upload,1,2024-10-24,2025-03-31,300143-JPY-NOT,Asia MM Limit,10.3,0.7,1,Man
2024-10-23,International High Grade Credit Trading,300144,300144,300144-PRIMARY,ex-PRIM,Asset,Gross Delta,IHGCT_ASSET_USD,USD,NET,BB,A+,0,7500000,8000000,8000000,0.94,244,144,TMSH,TMSH,USD,IHGCT Asset,300048,IHGCT Trading,551,Financials,3,EMEA,604144,Active,0,2024-10-23,2025-04-30,300144-USD-ASSET,IHGCT Limit,9.8,0.3,1,Man
2024-10-22,Oil Products NGL Trading,300145,300145,300145-PRIMARY,Primary,PV01,PV01 Delta,CRUDE_OIL_PV01_EU,USD,NET SHORT BY SEC,A,BB,0,4000000,4500000,4500000,0.89,245,145,USD,USD,USD,CRUDE_OIL_PV01_EU,39058287,Energy Oil FCL,470,Energy,5,AMERICAS,604145,Active,0,2024-10-22,2025-05-31,300145-NGL-PV01,Oil Prod Limit,10.1,0.5,1,Man
2024-10-21,US Delta One,300146,300146,300146-SECONDARY,Reporting,RR & Gamma,Gamma Vega,RR & Gamma,USD,GROSS,BB,BBB,0,5500000,6000000,6000000,0.92,246,146,TMSH,TMSH,USD,Equity Delta One,254710,US Delta One,551,Financials,5,AMERICAS,604146,Pending Upload,0,2024-10-21,2025-02-28,300146-EQ-GAMMA,US D1 Limit,10,0.4,1,Man
2024-10-20,European Prime Finance,300147,300147,300147-PRIMARY,Notice,Stress Limits,PV01 Stress limits,PV01_STRESS_EUR,EUR,NET,A+,A+,0,1000000,1000000,1000000,1,247,147,USD,USD,EUR,EU Prime Stress,290112,EU Prime Brokerage,551,Financials,3,EMEA,604147,Active,1,2024-10-20,2025-06-30,300147-EUR-STRESS,EU Prime Limit,10.2,0.6,1,Man
2024-10-19,London BMO CMI,300148,300148,300148-SECONDARY,ex-ZNDRY,Liquidity,Liquidity Limits,LDN_CMI_LIQUIDITY,EUR,BY TRADE,BBB,BB,0,380000,400000,400000,0.95,248,148,TMSH,TMSH,EUR,LDN CMI Liq,290113,BMO CMI LDN,551,Financials,3,EMEA,604148,Active,0,2024-10-19,2025-05-31,300148-EUR-LIQ,LDN CMI Limit,9.9,0.3,1,Man
2024-10-18,Asia Money Markets,300149,300149,300149-PRIMARY,Primary,Notional,Exotic Limits,ASIA_MM_NOTIONAL,JPY,GRID,AAA,A,1,650000000,700000000,700000000,0.93,249,149,USD,USD,JPY,Asia MM Notional,295001,Asia MM Funding,221,Money Markets,1,ASIA,604149,Active,1,2024-10-18,2025-04-30,300149-JPY-NOT,Asia MM Limit,10.3,0.7,1,Man
2024-10-17,Canadian Prime Brokerage and Margin Lending,300150,300150,300150-PRIMARY,Reporting,Asset,Gross Delta,CAN_PB_ASSET_CAD,CAD,NET,A,A,0,5500000,6000000,6000000,0.92,250,150,TMSH,TMSH,CAD,Can PB Asset,295002,Can PB,551,Financials,2,CANADA,604150,Active,0,2024-10-17,2025-01-31,300150-CAD-ASSET,Can PB Limit,9.8,0.3,1,Man
2024-10-16,Environmental Commodities Trading,300151,300151,300151-SECONDARY,Notice,PV01,PV01 Delta,EMISSIONS_PV01,MT,NET SHORT BY SEC,BBB,BB,0,1500,1500,1500,1,251,151,USD,USD,MT,Emissions PV01,295003,Enviro Comm,483,Environmental,5,AMERICAS,604151,Pending Upload,0,2024-10-16,2025-06-30,300151-MT-PV01,Enviro Limit,10.1,0.6,1,Man
2024-10-15,FX HK Trading,300152,300152,300152-PRIMARY,ex-PRIM,Issuer,CVaR / Limits,FX_HK_CVAR_USD,USD,BY TRADE,BB,BB,0,2800000,3000000,3000000,0.93,252,152,TMSH,TMSH,USD,FX Trading CVAR,295004,FX HK Trading,551,Financials,1,ASIA,604152,Active,0,2024-10-15,2025-05-31,300152-USD-CVAR,FX HK Limit,10,0.5,1,Man
2024-10-14,GM Opportunity Trading,300153,300153,300153-PRIMARY,Primary,Stress Limits,PV01 Stress limits,GM_OPP_STRESS_CAD,CAD,NET,A,AAA,0,1200000,1200000,1200000,1,253,153,USD,USD,CAD,GM Opp Stress,300009,GM Opp Trading,551,Financials,2,CANADA,604153,Active,1,2024-10-14,2025-03-31,300153-CAD-STRESS,GM Opp Limit,10.2,0.6,1,Man
2024-10-13,Asia Funding,300154,300154,300154-SECONDARY,Reporting,Liquidity,Liquidity Limits,LIQUIDITY_ASIA,JPY,GROSS,A,BBB,0,550000000,600000000,600000000,0.92,254,154,TMSH,TMSH,JPY,Asia Fund Liq,300010,Asia Funding Desk,221,Money Markets,1,ASIA,604154,Active,0,2024-10-13,2025-04-30,300154-JPY-LIQ,Asia Fund Limit,9.9,0.4,1,Man
2024-10-12,Decommissioned – Risk & Capital Solutions,300155,300155,300155-PRIMARY,Notice,Notional,Exotic Limits,DECOMM_RISK_NOTIONAL,USD,GRID,BB,A+,1,2500000,2500000,2500000,1,255,155,USD,USD,USD,Decomm Exotic,300011,Decomm Risk,551,Financials,5,AMERICAS,604155,Pending Upload,1,2024-10-12,2025-02-28,300155-USD-NOT,Decomm Limit,10.3,0.7,1,Man
2024-10-11,Canadian Prime Finance,300156,300156,300156-SECONDARY,ex-ZNDRY,Asset,Gross Delta,CAN_PF_ASSET_CAD,CAD,NET SHORT BY SEC,BBB,A,0,4200000,4500000,4500000,0.93,256,156,TMSH,TMSH,CAD,Can PF Asset,300012,Can PF,551,Financials,2,CANADA,604156,Active,0,2024-10-11,2025-05-31,300156-CAD-ASSET,Can PF Limit,9.8,0.3,1,Man
2024-10-10,Global Unsecured Funding,300157,300157,300157-PRIMARY,Primary,Issuer,CVaR / Limits,GUF_CVAR_ISSUER,USD,BY TRADE,A,AAA,0,5200000,5500000,5500000,0.95,257,157,USD,USD,USD,Global Unsec CVAR,300013,Global Funding,221,Money Markets,3,EMEA,604157,Active,0,2024-10-10,2025-06-30,300157-USD-CVAR,Global Fund Limit,10,0.4,1,Man
2024-10-09,Decommissioned – Environmental Commodities Management,300158,300158,300158-PRIMARY,Reporting,PV01,PV01 Delta,DECOMM_ENVIRO_PV01,CAD,NET,BB,BBB,0,220000,250000,250000,0.88,258,158,TMSH,TMSH,CAD,Decomm Enviro PV01,300014,Decomm Enviro,483,Environmental,2,CANADA,604158,Active,1,2024-10-09,2025-04-30,300158-CAD-PV01,Decomm Enviro Limit,9.9,0.3,1,Man
2024-10-10,Equity Capital Markets – Hedging,300159,300159,300159-SECONDARY,Notice,RR & Gamma,Gamma Vega,ECM_HEDGING_GAMMA,USD,GROSS,A+,A+,0,650000,700000,700000,0.93,259,159,USD,USD,USD,ECM Hedge Gamma,300015,ECM Hedging,551,Financials,5,AMERICAS,604159,Pending Upload,0,2024-10-10,2025-03-31,300159-USD-GAMMA,ECM Hedge Limit,10.1,0.6,1,Man
2024-10-11,BMO Global Markets (MM),300160,300160,300160-PRIMARY,ex-PRIM,Liquidity,Liquidity Limits,BMO_MM_LIQUIDITY,USD,GROSS BY SECURITY,AAA,AAA,0,6200000,6500000,6500000,0.95,260,160,TMSH,TMSH,USD,BMO MM Liq,300016,BMO GM MM,221,Money Markets,5,AMERICAS,604160,Active,0,2024-10-11,2025-02-28,300160-USD-LIQ,BMO MM Limit,10,0.5,1,Man
2024-10-12,SMR – Wealth Management,300161,300161,300161-SECONDARY,Primary,Notional,Exotic Limits,SMR_WM_NOTIONAL,CAD,GRID,BBB,A,1,580000,600000,600000,0.97,261,161,USD,USD,CAD,SMR WM Notional,300017,SMR WM,551,Financials,2,CANADA,604161,Active,1,2024-10-12,2025-05-31,300161-CAD-NOT,SMR WM Limit,10.3,0.7,1,Man
2024-10-13,Canadian Money Markets,300162,300162,300162-PRIMARY,Reporting,Asset,Gross Delta,CMM_ASSET_DELTA,CAD,NET,A,BB,0,780000,800000,800000,0.98,262,162,TMSH,TMSH,CAD,CMM Asset,300018,Can MM,221,Money Markets,2,CANADA,604162,Active,0,2024-10-13,2025-06-30,300162-CAD-ASSET,CMM Limit,9.8,0.3,1,Man
2024-10-14,PCG Retail Equity Trading,300163,300163,300163-PRIMARY,Notice,PV01,PV01 Delta,PCG_RETAIL_PV01,USD,NET SHORT BY SEC,BB,BBB,0,150000,150000,150000,1,263,163,USD,USD,USD,PCG Retail PV01,300019,PCG Retail,551,Financials,5,AMERICAS,604163,Pending Upload,0,2024-10-14,2025-04-30,300163-USD-PV01,PCG Retail Limit,10.1,0.6,1,Man
2024-10-15,European Unsecured Funding,300164,300164,300164-SECONDARY,ex-ZNDRY,Issuer,CVaR / Limits,EUF_CVAR_ISSUER,EUR,BY TRADE,AAA,A,0,3200000,3500000,3500000,0.91,264,164,TMSH,TMSH,EUR,EUF CVAR,300020,EU Funding,221,Money Markets,3,EMEA,604164,Active,0,2024-10-15,2025-01-31,300164-EUR-CVAR,EU Fund Limit,10,0.5,1,Man
2024-10-16,Reporting only – Global Equities (New),300165,300165,300165-PRIMARY,Primary,Stress Limits,PV01 Stress limits,GE_STRESS_PV01,USD,NET,A+,A+,0,5500000,6000000,6000000,0.92,265,165,USD,USD,USD,Global Eq Stress,300021,Global Equities,551,Financials,5,AMERICAS,604165,Active,1,2024-10-16,2025-05-31,300165-USD-STRESS,Global Eq Limit,10.2,0.6,1,Man
2024-10-17,London BMO CMI,300166,300166,300166-SECONDARY,Reporting,Liquidity,Liquidity Limits,LDN_CMI_LIQUIDITY,EUR,GROSS BY SECURITY,BBB,A,0,1800000,2000000,2000000,0.9,266,166,TMSH,TMSH,EUR,LDN CMI Liq,300022,BMO CMI LDN,551,Financials,3,EMEA,604166,Active,0,2024-10-17,2025-03-31,300166-EUR-LIQ,LDN CMI Limit,9.9,0.4,1,Man
2024-10-18,Asset Finance & Origination,300167,300167,300167-PRIMARY,Notice,Notional,Exotic Limits,AFA_NOTIONAL_USD,USD,GRID,BB,BBB,1,2800000,3000000,3000000,0.93,267,167,USD,USD,USD,AFA Notional,300023,AFA Origination,551,Financials,5,AMERICAS,604167,Pending Upload,1,2024-10-18,2025-02-28,300167-USD-NOT,AFA Limit,10.3,0.7,1,Man
2024-10-19,SLP BMO,300168,300168,300168-SECONDARY,ex-PRIM,Asset,Gross Delta,SLP_ASSET_DELTA,CAD,NET,A,AAA,0,1500000,1500000,1500000,1,268,168,TMSH,TMSH,CAD,SLP Asset,300024,SLP BMO,551,Financials,2,CANADA,604168,Active,0,2024-10-19,2025-06-30,300168-CAD-ASSET,SLP Limit,9.8,0.3,1,Man
2024-10-20,Canadian Options,300169,300169,300169-PRIMARY,Primary,PV01,PV01 Delta,CAN_OPTIONS_PV01,CAD,NET SHORT BY SEC,A+,A,0,520000,550000,550000,0.95,269,169,USD,USD,CAD,Can Opt PV01,300025,Can Options,551,Financials,2,CANADA,604169,Active,0,2024-10-20,2025-05-31,300169-CAD-PV01,Can Opt Limit,10.1,0.5,1,Man
2024-10-21,SET Management,300170,300170,300170-PRIMARY,Reporting,RR & Gamma,Gamma Vega,SET_MGMT_GAMMA,USD,GROSS,BBB,BB,0,780000,800000,800000,0.98,270,170,TMSH,TMSH,USD,SET Mgmt Gamma,300026,SET Mgmt,551,Financials,5,AMERICAS,604170,Pending Upload,0,2024-10-21,2025-04-30,300170-USD-GAMMA,SET Mgmt Limit,10,0.4,1,Man
2024-10-22,Strategy Products and Segments – Retail Lending Products,300171,300171,300171-SECONDARY,Notice,Stress Limits,PV01 Stress limits,RTL_LENDING_STRESS,CAD,NET,A,BBB,0,450000,500000,500000,0.9,271,171,USD,USD,CAD,RTL Lending Stress,300027,RTL Lending,551,Financials,2,CANADA,604171,Active,1,2024-10-22,2025-01-31,300171-CAD-STRESS,RTL Limit,10.2,0.6,1,Man
2024-10-23,US Tactical & Accrual INV,300172,300172,300172-PRIMARY,ex-ZNDRY,Liquidity,Liquidity Limits,US_TACCRU_LIQ,USD,GROSS BY SECURITY,A+,A+,0,3800000,4000000,4000000,0.95,272,172,TMSH,TMSH,USD,US TACCRU Liq,300028,US TACCRU,551,Financials,5,AMERICAS,604172,Active,0,2024-10-23,2025-03-31,300172-USD-LIQ,US TACCRU Limit,9.9,0.3,1,Man
2024-10-24,SLP BMO,300173,300173,300173-PRIMARY,Primary,Notional,Exotic Limits,SLP_NOTIONAL_CAD,CAD,GRID,BB,A,1,1500000,1500000,1500000,1,273,173,USD,USD,CAD,SLP Notional,300029,SLP BMO,551,Financials,2,CANADA,604173,Active,1,2024-10-24,2025-04-30,300173-CAD-NOT,SLP Limit,10.3,0.7,1,Man
2024-10-25,Environmental Commodities Trading,300174,300174,300174-SECONDARY,Reporting,Asset,Gross Delta,EMISSIONS_ASSET,MWH,NET,A,BBB,0,650,700,700,0.93,274,174,TMSH,TMSH,MWH,Emissions Asset,300030,Enviro Comm,483,Environmental,5,AMERICAS,604174,Active,0,2024-10-25,2025-06-30,300174-MWH-ASSET,Enviro Limit,9.8,0.3,1,Man
2024-10-26,Securitized Credit Trading,300175,300175,300175-PRIMARY,Notice,PV01,PV01 Delta,SCT_PV01_USD,USD,NET SHORT BY SEC,A+,A+,0,3800000,4000000,4000000,0.95,275,175,USD,USD,USD,SCT PV01,300031,Sec Credit Trading,551,Financials,5,AMERICAS,604175,Pending Upload,0,2024-10-26,2025-05-31,300175-USD-PV01,SCT Limit,10.1,0.6,1,Man
2024-10-27,China Fixed Income Trading,300176,300176,300176-SECONDARY,ex-PRIM,Issuer,CVaR / Limits,CHINA_FI_CVAR,JPY,BY TRADE,BBB,BB,0,85000000,90000000,90000000,0.94,276,176,TMSH,TMSH,JPY,China FI CVAR,300032,China FI,221,Money Markets,1,ASIA,604176,Active,0,2024-10-27,2025-04-30,300176-JPY-CVAR,China FI Limit,10,0.5,1,Man
2024-10-28,Chicago Branch Trading,300177,300177,300177-PRIMARY,Primary,Stress Limits,PV01 Stress limits,CHI_BRANCH_STRESS,USD,NET,AAA,A,0,7200000,7500000,7500000,0.96,277,177,USD,USD,USD,Chi Branch Stress,300033,Chi Branch Trading,551,Financials,5,AMERICAS,604177,Active,1,2024-10-28,2025-03-31,300177-USD-STRESS,Chi Branch Limit,10.2,0.6,1,Man
2024-10-29,LCT Repo,300178,300178,300178-PRIMARY,Reporting,Liquidity,Liquidity Limits,LCT_REPO_LIQUIDITY,USD,GROSS BY SECURITY,A,BBB,0,2800000,3000000,3000000,0.93,278,178,TMSH,TMSH,USD,LCT Repo Liq,300034,LCT Repo,221,Money Markets,5,AMERICAS,604178,Active,0,2024-10-29,2025-02-28,300178-USD-LIQ,LCT Repo Limit,9.9,0.4,1,Man
2024-10-30,Decommissioned – Equity Structured Risk Recycling,300179,300179,300179-SECONDARY,Notice,Notional,Exotic Limits,DECOMM_EQ_NOTIONAL,USD,GRID,BB,A+,1,1500000,1500000,1500000,1,279,179,USD,USD,USD,Decomm Eq Notional,300035,Decomm Eq Risk,551,Financials,5,AMERICAS,604179,Pending Upload,1,2024-10-30,2025-06-30,300179-USD-NOT,Decomm EQ Limit,10.3,0.7,1,Man
2024-10-31,L / F NB CFO to GM Funding,300180,300180,300180-PRIMARY,ex-ZNDRY,Asset,Gross Delta,CFO_GM_ASSET_USD,USD,NET,A+,A+,0,3500000,3500000,3500000,1,280,180,TMSH,TMSH,USD,CFO GM Asset,300036,CFO GM Funding,551,Financials,5,AMERICAS,604180,Active,0,2024-10-31,2025-05-31,300180-USD-ASSET,CFO GM Limit,9.8,0.3,1,Man
2024-11-01,FX HK Trading,300181,300181,300181-PRIMARY,Primary,PV01,PV01 Delta,FX_HK_PV01_EUR,EUR,NET SHORT BY SEC,BBB,BBB,0,650000,700000,700000,0.93,281,181,USD,USD,EUR,FX HK PV01,300037,FX HK Trading,551,Financials,1,ASIA,604181,Active,0,2024-11-01,2025-04-30,300181-EUR-PV01,FX HK Limit,10.1,0.5,1,Man
2024-11-02,London Tactical & Accrual MTM,300182,300182,300182-SECONDARY,Reporting,RR & Gamma,Gamma Vega,LDN_TACCRU_GAMMA,USD,GROSS,A,BB,0,1000000,1000000,1000000,1,282,182,TMSH,TMSH,USD,LDN TACCRU Gamma,300038,LDN TACCRU,551,Financials,3,EMEA,604182,Pending Upload,0,2024-11-02,2025-03-31,300182-USD-GAMMA,LDN TACCRU Limit,10,0.4,1,Man
2024-11-03,GM Opportunity Trading,300183,300183,300183-PRIMARY,Notice,Stress Limits,PV01 Stress limits,GM_OPP_STRESS_USD,USD,NET,BB,AAA,0,4000000,4000000,4000000,1,283,183,USD,USD,USD,GM Opp Stress,300039,GM Opp Trading,551,Financials,5,AMERICAS,604183,Active,1,2024-11-03,2025-02-28,300183-USD-STRESS,GM Opp Limit,10.2,0.6,1,Man
2024-11-04,Testing – Nesbitt Burns,300184,300184,300184-SECONDARY,ex-PRIM,Liquidity,Liquidity Limits,NESBITT_LIQUIDITY,CAD,GROSS BY SECURITY,BBB,A,0,6000000,6000000,6000000,1,284,184,TMSH,TMSH,CAD,Nesbitt Liq,300040,Nesbitt Burns,551,Financials,2,CANADA,604184,Active,0,2024-11-04,2025-06-30,300184-CAD-LIQ,Nesbitt Limit,9.9,0.3,1,Man
2024-11-05,Collateral Optimization,300185,300185,300185-PRIMARY,Primary,Notional,Exotic Limits,COLLAT_OPT_NOTIONAL,USD,GRID,A+,A+,1,10000000,10000000,10000000,1,285,185,USD,USD,USD,Collateral Opt Notional,300041,Collateral Opt,551,Financials,5,AMERICAS,604185,Active,1,2024-11-05,2025-05-31,300185-USD-NOT,Collateral Opt Limit,10.3,0.7,1,Man
2024-11-06,Securitized Equity Trading Canada,300186,300186,300186-SECONDARY,Reporting,Asset,Gross Delta,SET_CAN_ASSET_CAD,CAD,NET,A,BBB,0,4800000,5000000,5000000,0.96,286,186,TMSH,TMSH,CAD,SET Can Asset,300042,SET Canada,551,Financials,2,CANADA,604186,Active,0,2024-11-06,2025-03-31,300186-CAD-ASSET,SET Can Limit,9.8,0.3,1,Man
2024-11-07,Global Origination,300187,300187,300187-PRIMARY,Notice,PV01,PV01 Delta,GLOBAL_ORIG_PV01,USD,NET SHORT BY SEC,BB,BB,0,7000000,7000000,7000000,1,287,187,USD,USD,USD,Global Orig PV01,300043,Global Origination,551,Financials,5,AMERICAS,604187,Pending Upload,0,2024-11-07,2025-04-30,300187-USD-PV01,Global Orig Limit,10.1,0.6,1,Man
2024-11-08,European Prime Finance,300188,300188,300188-SECONDARY,ex-ZNDRY,Issuer,CVaR / Limits,EU_PF_CVAR_EUR,EUR,BY TRADE,AAA,A,0,800000,800000,800000,1,288,188,TMSH,TMSH,EUR,EU PF CVAR,300044,EU Prime Brokerage,551,Financials,3,EMEA,604188,Active,0,2024-11-08,2025-01-31,300188-EUR-CVAR,EU PF Limit,10,0.5,1,Man